"last_name, first_name","player_id","attempts","avg_hit_angle","anglesweetspotpercent","max_hit_speed","avg_hit_speed","ev50","fbld","gb","max_distance","avg_distance","avg_hr_distance","ev95plus","ev95percent","barrels","brl_percent","brl_pa"
"Arraez, Luis","650333","88","11.3",40.9,"107.8","87.6","94.4","89.3","85.1","376","158","355","21",23.9,"0",0,0
"Bichette, Bo","666182","85","10.5",44.7,"110.6","91","101.8","96.9","87.7","372","164",,"43",50.6,"7",8.2,6.5
"Tucker, Kyle","663656","83","19.6",42.2,"108.1","91.1","100.6","94.6","84.8","427","211","402","38",45.8,"14",16.9,12.3
"Happ, Ian","664023","83","19.1",37.3,"112","87.4","99","92","83.9","404","172","374","29",34.9,"5",6,4.3
"Donovan, Brendan","680977","80","9.2",42.5,"109.2","89.6","101.1","92.7","86.9","404","165","386","36",45,"7",8.8,7.1
"Wilson, Jacob","805779","79","7.4",36.7,"108.5","86.3","96.4","86.4","88.1","414","129","378","23",29.1,"2",2.5,2.4
"Kwan, Steven","680757","78","10.7",37.2,"104.1","86.3","95.1","87.9","84.4","406","154","377","16",20.5,"2",2.6,2.1
"Díaz, Yandy","650490","78","0.3",20.5,"112.5","90.7","103.6","96.6","89.1","415","126","378","37",47.4,"6",7.7,6.2
"Naylor, Josh","647304","77","8.6",31.2,"110.8","91.8","102.2","91.8","92.5","417","156","392","34",44.2,"6",7.8,6.3
"Duran, Jarren","680776","77","11.1",35.1,"112","92.1","102.3","93.3","91.8","388","159","388","36",46.8,"7",9.1,6.4
"Chourio, Jackson","694192","76","11",30.3,"110","89.4","101.9","97.4","82.1","448","163","405","36",47.4,"9",11.8,8.7
"Witt Jr., Bobby","677951","76","12.2",39.5,"112.6","92","103.8","95.8","86.3","399","184","394","37",48.7,"8",10.5,8
"Edman, Tommy","669242","75","16.3",38.7,"108.6","90.7","101.4","93.5","88.9","423","187","401","36",48,"9",12,9.6
"Lindor, Francisco","596019","75","10.9",26.7,"109.7","90.6","101.6","95.4","85.7","412","160","396","36",48,"7",9.3,7
"Friedl, TJ","670770","75","17.2",32,"104.6","87.8","97.4","90","87.9","379","154","378","24",32,"1",1.3,1
"Bohm, Alec","664761","74","6.6",32.4,"109.3","91.6","101.3","93.6","91","394","148",,"38",51.4,"6",8.1,6.4
"Perdomo, Geraldo","672695","74","15",43.2,"105.6","89.8","97.4","92.4","88.4","399","185","380","23",31.1,"4",5.4,4
"Albies, Ozzie","645277","73","21.5",34.2,"106.8","85.3","95.8","90.2","81.7","413","173","376","20",27.4,"5",6.8,5.3
"Guerrero Jr., Vladimir","665489","73","8.1",35.6,"120.4","93.7","105.6","100","90.3","412","156","412","42",57.5,"9",12.3,8.8
"Turang, Brice","668930","73","4.5",35.6,"109.8","92.8","100.5","95.3","90.8","444","144","425","36",49.3,"6",8.2,6
"Hoerner, Nico","663538","73","10.3",27.4,"104.7","86.5","95.6","87.6","86.4","354","144",,"20",27.4,"0",0,0
"Tatis Jr., Fernando","665487","73","6.4",31.5,"112.8","94.6","104.2","99.8","90.2","427","159","406","39",53.4,"15",20.5,15.2
"Lee, Jung Hoo","808982","73","8.1",42.5,"104.5","90.4","99.1","91.3","89.5","406","163","385","27",37,"5",6.8,5.3
"Bregman, Alex","608324","72","20.3",30.6,"109.6","92.4","100.3","93.9","91.5","411","180","394","33",45.8,"6",8.3,5.8
"Arenado, Nolan","571448","72","17.9",22.2,"107.9","85.9","95.9","88.5","85.9","390","158","378","19",26.4,"3",4.2,3.3
"Edwards, Xavier","669364","72","10.6",33.3,"102.5","83.8","94.2","87.6","82.1","340","146",,"17",23.6,"0",0,0
"Altuve, Jose","514888","71","16.2",18.3,"107","85.4","97.7","92.8","85","402","134","372","27",38,"4",5.6,4.2
"Machado, Manny","592518","71","12.9",36.6,"110.9","92.5","103.7","95.8","90.8","401","164","395","40",56.3,"8",11.3,8.4
"Ramírez, José","608070","71","26.2",40.8,"111.3","88.3","97.8","92.1","85.7","408","206","391","23",32.4,"8",11.3,9
"Nimmo, Brandon","607043","70","8.9",31.4,"108.3","91.6","101.8","95.4","89.4","412","163","395","39",55.7,"8",11.4,8.4
"Santander, Anthony","623993","70","18.1",27.1,"110.4","90.1","98.9","92.3","88.8","409","165","407","25",35.7,"3",4.3,2.9
"Gurriel Jr., Lourdes","666971","70","20.4",41.4,"109.1","88.4","99.8","92.8","80.9","416","206","412","27",38.6,"6",8.6,7.1
"Crow-Armstrong, Pete","691718","70","19.7",37.1,"108.6","88.6","98.3","92.3","83.3","412","173","384","25",35.7,"5",7.1,4.9
"Giménez, Andrés","665926","69","7",31.9,"105.6","88.1","98.1","92.9","83","407","166","385","22",31.9,"3",4.3,3.1
"Frelick, Sal","686217","69","3.4",30.4,"104.8","84.6","97","91","80.4","408","114","408","22",31.9,"1",1.4,1.1
"Goldschmidt, Paul","502671","69","12.7",43.5,"109.2","87.6","99.8","91.7","80.3","413","172","413","24",34.8,"4",5.8,4.2
"Santana, Carlos","467793","69","12.3",30.4,"111.3","87.2","99.6","92","89","415","143","413","26",37.7,"6",8.7,6.3
"Lopez, Otto","672640","69","4.3",37.7,"109.9","85.9","96.7","88.9","82.5","418","150","402","19",27.5,"7",10.1,7.8
"Ramos, Heliot","671218","69","11.2",33.3,"110.5","89.9","101.6","97.1","86.2","394","163","363","31",44.9,"8",11.6,7.8
"Alonso, Pete","624413","69","17.2",43.5,"114.5","95.6","106.6","99.6","90.6","443","198","402","40",58,"15",21.7,15.2
"Nootbaar, Lars","663457","68","17",35.3,"112.7","90.4","102.4","93.5","88.4","418","170","399","32",47.1,"6",8.8,5.9
"Soto, Juan","665742","68","6",23.5,"112.4","93","103.3","96.9","90.6","405","134","382","34",50,"4",5.9,4
"Ortiz, Joey","687401","68","18.7",26.5,"108.9","82.7","96.4","88.9","79.5","376","141",,"21",30.9,"1",1.5,1.1
"Swanson, Dansby","621020","68","17.9",30.9,"108.6","91.7","102","96.2","88.8","420","173","413","36",52.9,"7",10.3,6.7
"France, Ty","664034","67","8.6",37.3,"108.2","89.5","99.4","93.6","85.5","411","160","405","27",40.3,"5",7.5,5.8
"Adames, Willy","642715","67","21.5",28.4,"109.6","88.8","98.8","95.1","81","384","180","378","28",41.8,"5",7.5,4.9
"Peña, Jeremy","665161","67","9.6",32.8,"107.2","89.9","101.4","94","87.4","407","153","387","32",47.8,"7",10.4,7.8
"Ward, Taylor","621493","67","18.1",31.3,"110.3","91.1","101.8","95.2","86.3","413","188","372","32",47.8,"7",10.4,7.5
"Harris II, Michael","671739","67","6.7",35.8,"112.3","89.7","101.9","94","87.3","446","157","412","24",35.8,"7",10.4,7.8
"Butler, Lawrence","671732","67","11.8",25.4,"111.1","92.3","102.9","95.3","90.6","435","162","425","32",47.8,"7",10.4,7.4
"Carroll, Corbin","682998","67","16.7",34.3,"115.8","93.1","105.9","98.3","90","434","182","407","38",56.7,"12",17.9,11.5
"Rooker, Brent","667670","67","15.1",37.3,"110.3","92.4","101.7","97.3","86.7","425","188","393","34",50.7,"11",16.4,11
"Perez, Salvador","521692","66","18.7",40.9,"110.6","91.1","102.2","94.4","86.5","418","202","406","32",48.5,"11",16.7,11.6
"Pasquantino, Vinnie","686469","66","19.4",31.8,"111","90.1","98.9","91.7","89.3","389","196","386","27",40.9,"5",7.6,5.5
"Rengifo, Luis","650859","66","0.7",33.3,"106.4","84.4","95.9","92","79","402","131","402","16",24.2,"3",4.5,3.6
"India, Jonathan","663697","66","22.7",31.8,"107.2","89.5","98.5","91.7","91.5","401","174",,"25",37.9,"2",3,2.2
"Betts, Mookie","605141","66","13.5",33.3,"101.5","87.4","95.9","88.5","86.3","397","183","380","19",28.8,"2",3,2.3
"Castellanos, Nick","592206","66","17.9",51.5,"105.4","90.5","100.1","94","84.6","414","204","401","28",42.4,"6",9.1,6.5
"Harper, Bryce","547180","65","17.5",35.4,"109.5","91.3","102.2","93.2","88.3","418","195","390","30",46.2,"8",12.3,7.7
"Flores, Wilmer","527038","65","14",33.8,"104.7","86","96.3","92.2","81.4","399","164","380","18",27.7,"6",9.2,6.8
"Schanuel, Nolan","694384","64","5.1",42.2,"109.8","86.5","96.3","90.2","83.3","383","152","377","16",25,"2",3.1,2.3
"Semien, Marcus","543760","64","16.8",23.4,"110","87.5","97","91.4","84.8","389","163","389","20",31.3,"5",7.8,5.8
"Soderstrom, Tyler","691016","64","12.9",45.3,"111.7","93","104","98","88.3","432","186","389","33",51.6,"12",18.8,12.8
"Story, Trevor","596115","64","12.6",39.1,"108.7","90.6","103.4","97","85.6","427","173","391","35",54.7,"9",14.1,9.7
"Ruiz, Keibert","660688","64","8.1",32.8,"107.8","84","96.3","87.7","83.8","414","140","393","19",29.7,"1",1.6,1.3
"Judge, Aaron","592450","64","16.7",39.1,"116.8","96.1","107.8","97.7","93.8","468","191","411","38",59.4,"17",26.6,16.3
"Paredes, Isaac","670623","63","18",31.7,"107.4","86.7","99.3","91","81.3","372","174","363","26",41.3,"1",1.6,1
"Hernández, Teoscar","606192","63","10.8",33.3,"109.7","84.3","98.1","90.9","77.8","436","164","390","19",30.2,"6",9.5,7.1
"Rutschman, Adley","668939","62","16.9",38.7,"110.2","90.4","100","93.8","85.2","436","198","420","23",37.1,"8",12.9,9.2
"Turner, Trea","607208","62","12.6",35.5,"108.7","87.5","98","91.8","84.7","402","168","402","20",32.3,"2",3.2,2.2
"Bleday, JJ","668709","62","18.4",24.2,"109.9","89.6","101.1","91.5","88.8","381","153","365","29",46.8,"2",3.2,2.3
"Massey, Michael","686681","61","20.4",36.1,"106","86.7","96.7","90.2","84.8","366","187",,"19",31.1,"2",3.3,2.5
"Contreras, William","661388","61","0.5",27.9,"114.1","87.3","99.9","97.3","81.6","408","129","386","22",36.1,"3",4.9,3.3
"Bogaerts, Xander","593428","61","11.8",37.7,"112.2","91","100.5","93.2","87.9","369","170",,"25",41,"1",1.6,1.1
"Schwarber, Kyle","656941","61","18.1",34.4,"116.7","93.6","104.4","99.1","87.5","462","189","423","35",57.4,"8",13.1,7.8
"Garcia, Maikel","672580","60","8.8",36.7,"108.9","93.6","103.3","97.1","91.8","428","161","413","35",58.3,"4",6.7,4.9
"Ohtani, Shohei","660271","60","10.4",30,"113.1","95.9","106.8","100.7","91.2","448","170","402","36",60,"12",20,12.5
"Contreras, Willson","575929","60","8.7",38.3,"113.8","87.7","101.1","94.5","82.3","417","167","393","24",40,"6",10,6.3
"Rodríguez, Julio","677594","60","8.6",30,"113.3","93.4","103","98","89.8","438","159","417","32",53.3,"6",10,6
"Hayes, Ke'Bryan","663647","60","13.1",30,"108.3","91.6","101.3","96.5","89.2","388","150","348","29",48.3,"3",5,3.6
"Langeliers, Shea","669127","59","12.7",37.3,"114.5","91.2","103.4","96.3","86.4","429","169","403","30",50.8,"7",11.9,8.8
"Riley, Austin","663586","59","24.8",50.8,"113.2","95","106.7","97.8","90.8","444","233","410","34",57.6,"15",25.4,15.8
"Stott, Bryson","681082","59","18.4",35.6,"108.5","83.2","93.5","85.5","80","399","164","374","13",22,"4",6.8,4.6
"Vaughn, Andrew","683734","59","12.8",32.2,"110.5","90.4","101.7","95","89.5","405","162","386","29",49.2,"9",15.3,10.8
"Caminero, Junior","691406","59","4",25.4,"113.9","94.1","104.7","99","91.9","413","138","393","33",55.9,"7",11.9,8.3
"Reynolds, Bryan","668804","59","5.6",39,"112","92","103","94.6","89.6","410","153","391","26",44.1,"8",13.6,8
"García Jr., Luis","671277","59","3.6",28.8,"108.1","87.8","98.7","92.6","84.9","398","143","392","23",39,"4",6.8,5.4
"García, Adolis","666969","59","24.9",37.3,"113.6","95.1","103.7","95.3","97.1","431","231","405","35",59.3,"13",22,15.7
"Devers, Rafael","646240","59","14.3",39,"110.4","95.6","104.5","97.1","95.6","402","180","391","37",62.7,"12",20.3,11.1
"Correa, Carlos","621043","59","5.8",28.8,"110.1","87.6","99.5","90.2","85.6","391","134","358","22",37.3,"3",5.1,3.8
"Torkelson, Spencer","679529","58","19",41.4,"110.5","92.2","102.7","97","83.5","423","209","397","28",48.3,"10",17.2,9.8
"Volpe, Anthony","683011","58","10.6",24.1,"110.5","90.3","100.3","94.2","87.4","418","171","369","23",39.7,"8",13.8,8.3
"Alvarez, Yordan","670541","58","20",41.4,"113.6","94.2","102.7","97.1","92.6","419","201","419","26",44.8,"7",12.1,8
"Busch, Michael","683737","58","15.4",43.1,"107.8","90.4","100","91.9","87.2","403","193","386","24",41.4,"6",10.3,6.8
"Raleigh, Cal","663728","58","22.3",36.2,"110.7","93.5","104.1","97.9","91.7","422","202","384","31",53.4,"16",27.6,16.2
"Vientos, Mark","668901","58","7.7",36.2,"110.4","90.1","99.9","96.6","82.6","371","156","355","20",34.5,"4",6.9,4.9
"Carpenter, Kerry","681481","58","19.8",41.4,"109.2","91.7","101.2","97.6","86.5","403","195","368","27",46.6,"8",13.8,10.4
"Seager, Corey","608369","58","11.7",29.3,"112.2","92.1","103.9","95.6","87.7","427","182","385","28",48.3,"10",17.2,12.5
"Kiner-Falefa, Isiah","643396","58","6.9",36.2,"104.9","87.5","97.6","89.7","88.1","368","135",,"20",34.5,"0",0,0
"De La Cruz, Elly","682829","58","7.8",34.5,"111.9","92.6","103.9","96.3","89.8","436","159","406","31",53.4,"11",19,11
"Olson, Matt","621566","57","7.6",29.8,"113.4","95.9","104.6","100.5","92.9","434","159","416","35",61.4,"10",17.5,10.8
"Suzuki, Seiya","673548","57","17.7",45.6,"114.3","91.3","102.7","94.7","87.5","445","202","410","26",45.6,"10",17.5,10.6
"Mangum, Jake","663968","57","-4.3",26.3,"106.4","88.3","98.4","93.7","86.2","369","108",,"24",42.1,"1",1.8,1.5
"Larnach, Trevor","663616","57","7",26.3,"111.8","89","100.2","91.4","88.3","407","128","407","21",36.8,"1",1.8,1.2
"Wood, James","695578","57","3.9",24.6,"115.8","94","106.2","99.9","90","445","152","408","32",56.1,"11",19.3,11.6
"Burleson, Alec","676475","57","15.5",14,"110.4","89.6","99.3","92.8","89.8","373","126",,"20",35.1,"0",0,0
"Greene, Riley","682985","57","10.2",28.1,"114.3","89.1","101.1","97.3","82.7","417","141","388","25",43.9,"3",5.3,3.2
"Kepler, Max","596146","57","9.8",33.3,"109.3","89.1","100.6","92.9","87.9","386","148","382","29",50.9,"4",7,4.9
"Campbell, Kristian","692225","56","12.5",33.9,"112.2","88.8","101.2","96.6","81.3","431","162","400","24",42.9,"5",8.9,5.5
"Andujar, Miguel","609280","56","7.2",37.5,"111.4","85.9","99.1","90.1","83.1","363","137","341","19",33.9,"2",3.6,2.9
"Sosa, Lenyn","672820","56","18.9",41.1,"107.5","89.5","99.5","93.5","83.2","396","187","396","19",33.9,"2",3.6,2.6
"Vargas, Miguel","678246","56","17.4",28.6,"107.3","90","99","93.4","87.1","389","169",,"23",41.1,"4",7.1,4.5
"Lowe, Brandon","664040","56","11.6",41.1,"111.6","91.2","101.8","95.8","84.8","409","182","395","26",46.4,"6",10.7,7.8
"Chisholm Jr., Jazz","665862","56","17.8",32.1,"109.5","89","99.9","92.5","85","442","191","382","24",42.9,"10",17.9,10.2
"Casas, Triston","671213","56","19.1",33.9,"110.9","89.7","101.2","94.4","83.2","377","188","377","25",44.6,"5",8.9,6
"Westburg, Jordan","676059","55","13.5",25.5,"110","90.5","102.1","94.6","86.1","434","171","410","24",43.6,"9",16.4,11.5
"McKinstry, Zach","656716","55","11.8",49.1,"107.3","86.8","96.7","92.1","83.2","379","159","377","18",32.7,"3",5.5,3.5
"Bell, Josh","605137","55","10",25.5,"110.3","85.5","98.4","94.2","80.4","400","154","388","18",32.7,"5",9.1,6
"Wagaman, Eric","676572","55","8.2",40,"109.7","89.9","101.8","95.1","85.8","427","164","419","28",50.9,"5",9.1,7
"Bellinger, Cody","641355","55","20.7",32.7,"110.2","90.6","101.5","93.9","89.6","451","184","419","24",43.6,"4",7.3,5
"Kirk, Alejandro","672386","55","15.1",23.6,"107.9","90.1","100.7","95.7","87.9","389","141","389","27",49.1,"1",1.8,1.4
"Scott II, Victor","687363","55","15.9",36.4,"106.6","87","97.6","91.1","83.8","396","168","396","16",29.1,"3",5.5,3.7
"Frazier, Adam","624428","55","13.1",32.7,"99.5","84.7","93.6","87.6","82.5","351","155","347","10",18.2,"0",0,0
"Chapman, Matt","656305","54","22.6",25.9,"109.7","92.8","102.4","95.2","96.1","411","176","386","25",46.3,"4",7.4,4
"Arozarena, Randy","668227","54","14.2",35.2,"112.3","91.6","103.5","96.2","91.8","424","160","393","25",46.3,"6",11.1,6.1
"Sweeney, Trey","700242","54","-0.2",25.9,"110.8","88.5","100.6","93.7","86.2","409","119","378","22",40.7,"3",5.6,4.1
"Buxton, Byron","621439","53","15.6",32.1,"112.5","90.3","104.2","96.6","84.8","446","180","418","30",56.6,"9",17,10.8
"Rafaela, Ceddanne","678882","53","6",30.2,"105.2","87.9","99.1","94.1","84.3","406","132","406","21",39.6,"5",9.4,6.8
"Trout, Mike","545361","53","20.3",45.3,"115.4","91.6","104","97.1","84.8","484","224","401","27",50.9,"11",20.8,12.2
"Tovar, Ezequiel","678662","53","15.8",50.9,"111.1","91.2","99.6","94.6","85.7","400","200",,"23",43.4,"3",5.7,4.3
"Yelich, Christian","592885","53","1.9",28.3,"113.4","91.9","102.9","96.7","89.5","465","140","427","28",52.8,"3",5.7,3.3
"Walker, Jordan","691023","52","14.2",23.1,"116.5","90","101.9","91.2","93.1","419","147","407","21",40.4,"2",3.8,2.4
"Lowe, Nathaniel","663993","52","13.1",38.5,"111.7","90.9","102.3","95.5","88.6","421","167","406","25",48.1,"5",9.6,5.7
"Crews, Dylan","686611","52","5.8",32.7,"111.1","90.2","101.1","96.8","84.4","428","154","418","20",38.5,"7",13.5,9.6
"Manzardo, Kyle","700932","51","19.5",23.5,"107.8","90.4","100.9","96.5","78.8","424","213","396","23",45.1,"10",19.6,11.8
"Diaz, Yainer","673237","51","10.6",27.5,"109.7","88.7","99.1","91.1","87.6","388","154","382","18",35.3,"5",9.8,7.1
"Castro, Willi","650489","51","16.5",37.3,"109.9","85","98.1","91","79.9","387","173","387","18",35.3,"3",5.9,4.2
"Fitzgerald, Tyler","666149","51","15.7",29.4,"105.6","86.2","97.5","88.6","84.5","381","145","375","16",31.4,"3",5.9,4.1
"Espinal, Santiago","669289","51","12.9",27.5,"104.9","83.5","94.7","87.8","79.6","362","150",,"11",21.6,"0",0,0
"Meyers, Jake","676694","51","6.1",25.5,"107.9","90.1","100.4","90.9","89.6","365","134",,"20",39.2,"2",3.9,2.9
"Lux, Gavin","666158","51","9.3",41.2,"106.2","89.2","98.8","90.9","87.9","397","164","397","22",43.1,"4",7.8,4.7
"Mullins, Cedric","656775","51","24.4",37.3,"108.4","89.4","98.9","93.5","80.5","396","204","380","19",37.3,"5",9.8,6
"Abreu, Wilyer","677800","51","22.4",39.2,"110.8","91.7","102.9","94","89.9","415","181","397","25",49,"6",11.8,6.8
"Aranda, Jonathan","666018","51","14.2",45.1,"111.4","95.1","104.8","96.3","94.9","401","193","377","31",60.8,"10",19.6,13.7
"Soler, Jorge","624585","50","19",42,"112.7","91.6","103.7","95.7","89.8","408","198","390","22",44,"8",16,9.3
"Walker, Christian","572233","50","15.4",26,"112.8","89.8","102.8","94.9","86.7","402","155","387","21",42,"5",10,5.7
"Wells, Austin","669224","50","22.7",30,"110.1","91","101.1","94.3","89.1","375","195","356","25",50,"5",10,6.6
"Mountcastle, Ryan","663624","50","8.4",38,"116.7","92.4","102.2","95.8","87.2","388","176","388","26",52,"8",16,11.6
"Hoskins, Rhys","656555","49","24",42.9,"107.6","88.8","99.1","92.6","81.7","440","187","399","21",42.9,"4",8.2,5.3
"Rocchio, Brayan","677587","49","4.2",34.7,"103.4","85.1","96.5","90","82.3","378","144",,"14",28.6,"1",2,1.5
"Rice, Ben","700250","48","8.7",39.6,"113.2","96","106.4","100.6","92.1","419","169","392","31",64.6,"12",25,15.4
"Arias, Gabriel","672356","48","4.3",31.3,"109.7","87.4","100.8","95.1","82.6","424","132","402","20",41.7,"6",12.5,7.9
"Farmer, Kyle","571657","48","18",43.8,"105.8","87.9","98.2","92.2","84.1","371","176",,"17",35.4,"2",4.2,3
"Suárez, Eugenio","553993","48","19.9",29.2,"111.7","94.4","103.4","98.6","91.3","458","214","421","30",62.5,"9",18.8,10.2
"Stowers, Kyle","669065","48","7.5",35.4,"110.3","89.9","102.2","96.1","86.1","421","145","392","25",52.1,"9",18.8,10.6
"Robert Jr., Luis","673357","47","19",27.7,"113.8","86.3","100.9","93.8","85.7","387","150","380","19",40.4,"5",10.6,6
"Yastrzemski, Mike","573262","47","17.4",42.6,"106.8","91","100.1","94.6","83.2","387","195","382","19",40.4,"4",8.5,5.1
"Roden, Alan","702176","47","1.3",21.3,"107.6","85.4","98.6","91.8","83.6","397","110","397","15",31.9,"1",2.1,1.5
"Sheets, Gavin","657757","47","18.9",57.4,"109.8","92.8","101.3","97.8","79","405","217","383","28",59.6,"3",6.4,4.5
"O'Hearn, Ryan","656811","47","10",36.2,"109.4","90.5","101.2","94.9","87","396","151","392","26",55.3,"4",8.5,6.6
"Polanco, Jorge","593871","47","10.3",44.7,"109.9","90.1","102.3","95.1","86","413","173","395","23",48.9,"6",12.8,10.9
"Muncy, Max","691777","47","12.2",36.2,"112.6","87.2","98.1","91.8","85.3","430","140","430","12",25.5,"2",4.3,2.8
"Pham, Tommy","502054","47","3.5",21.3,"109.9","90.4","101.9","96.9","89.1","386","114",,"22",46.8,"2",4.3,2.6
"Crawford, J.P.","641487","47","8",34,"104.5","85.2","97.1","90.5","81.8","391","135",,"15",31.9,"3",6.4,3.8
"Burger, Jake","669394","46","6.8",23.9,"113","89.5","103","97.8","83.1","429","142","408","20",43.5,"5",10.9,7.1
"Taylor, Tyrone","621438","46","21",39.1,"106.9","85.7","96.7","86.5","89.3","380","166",,"16",34.8,"2",4.3,3.4
"Cruz, Oneil","665833","46","13.7",43.5,"118","93.5","105.2","97.9","85.9","442","205","394","25",54.3,"9",19.6,11
"Steer, Spencer","668715","46","13",23.9,"103.7","86.3","94.9","90.1","84","379","132","379","10",21.7,"2",4.3,2.9
"Keith, Colt","690993","45","6.5",35.6,"108.9","83.6","97","91.6","77.9","380","149",,"14",31.1,"2",4.4,2.6
"Baldwin, Brooks","681460","45","10.6",31.1,"107.1","91.3","100.2","95","89.1","407","133","404","18",40,"3",6.7,4.8
"Holliday, Jackson","702616","45","8.6",31.1,"109","88.9","99.5","90.5","88","425","148","411","17",37.8,"3",6.7,4.8
"Springer, George","543807","45","14.1",42.2,"112.3","92.2","102.7","95.9","88.1","422","173","395","24",53.3,"8",17.8,10.8
"Candelario, Jeimer","600869","45","9.7",20,"107.5","87.6","96.3","93","83.5","415","147","400","12",26.7,"3",6.7,3.8
"Realmuto, J.T.","592663","45","11.9",42.2,"108.7","90.5","100.4","95.4","84.7","387","161","387","19",42.2,"4",8.9,5.2
"Goodman, Hunter","696100","45","18.1",26.7,"111.4","87.5","101.3","93.3","83.2","405","163","392","19",42.2,"5",11.1,6.8
"Conforto, Michael","624424","45","13.5",35.6,"108.4","88.1","98.8","90.7","86.3","419","165","408","17",37.8,"4",8.9,4.9
"Encarnacion-Strand, Christian","687952","45","21.1",26.7,"111.4","87.6","99.6","95.7","82.1","451","150","403","19",42.2,"2",4.4,3.3
"Conine, Griffin","665052","45","8.8",37.8,"117.4","91.6","102.6","96.8","86.9","404","157","404","23",51.1,"7",15.6,9.9
"Báez, Javier","595879","44","3.1",38.6,"103.7","86.3","96.6","91.3","81.7","378","140",,"13",29.5,"1",2.3,1.6
"Taveras, Leody","665750","44","21.5",20.5,"109.8","86.3","96.6","88.4","88.8","356","148",,"12",27.3,"1",2.3,1.6
"Julien, Edouard","666397","44","4.1",40.9,"110.1","88.6","99.6","97.4","79.9","405","161","361","18",40.9,"5",11.4,7.7
"Ozuna, Marcell","542303","44","19",45.5,"109.8","95.3","104.3","97.5","93.7","425","197","407","23",52.3,"5",11.4,6.2
"Fraley, Jake","641584","44","17.7",38.6,"107.8","85","98.4","88.1","84.7","429","177","397","15",34.1,"3",6.8,4.8
"Domínguez, Jasson","691176","44","12.5",25,"110.2","87.6","102","92.8","89.2","445","147","411","22",50,"4",9.1,5.1
"Clement, Ernie","676391","44","23.7",34.1,"108.9","87.8","94.9","87.3","88.8","351","177",,"8",18.2,"1",2.3,1.7
"Doyle, Brenton","686668","43","9.4",34.9,"109.5","90.6","101.2","91.5","89.6","403","178","391","20",46.5,"6",14,10.5
"Misner, Kameron","670224","43","13.5",30.2,"108.2","92.7","100.9","96.7","87.4","431","182","379","19",44.2,"4",9.3,7
"McMahon, Ryan","641857","43","18.6",30.2,"110.2","92.4","100.7","93.4","90.3","432","182","416","17",39.5,"3",7,3.4
"Moore, Dylan","664238","43","18.9",34.9,"108.6","86.5","99.9","91.7","82.8","429","163","388","18",41.9,"6",14,9.7
"Iglesias, Jose","578428","43","-5.4",16.3,"109.5","80.9","93.7","82.5","81.1","351","77",,"10",23.3,"0",0,0
"Trevino, Jose","624431","43","4",23.3,"107.2","87.3","99","94.7","84.9","404","116","383","17",39.5,"2",4.7,3.8
"Isbel, Kyle","664728","42","14.8",26.2,"107.1","84.2","95.8","91.1","82.8","401","137","401","8",19,"1",2.4,1.7
"Adell, Jo","666176","42","14.3",33.3,"111.7","90.4","101.5","90.4","91.9","408","156","395","19",45.2,"5",11.9,8.1
"Walls, Taylor","670764","41","12",19.5,"102.8","87.3","96","91","86.4","354","121",,"11",26.8,"0",0,0
"Dingler, Dillon","693307","41","18.5",43.9,"110.4","91.8","101.1","94.3","87.8","410","195","395","20",48.8,"4",9.8,6.8
"Smith, Will","669257","41","25.9",41.5,"105.5","89.4","98.3","91.3","89.6","396","195","383","17",41.5,"4",9.8,5.7
"Pages, Andy","681624","41","18.8",31.7,"107","86.5","94.9","90.3","81.3","390","186","378","12",29.3,"2",4.9,2.7
"Amaya, Miguel","665804","41","18.8",41.5,"105.8","88.4","98","90.2","86","393","176","386","13",31.7,"3",7.3,5.7
"O'Neill, Tyler","641933","41","23.8",26.8,"108","87.9","101.5","95.6","81.6","402","188","387","17",41.5,"7",17.1,10.8
"Muncy, Max","571970","41","13.4",46.3,"108.6","90.8","102.2","97.5","78.9","399","184",,"21",51.2,"6",14.6,7.6
"Urshela, Gio","570482","41","6.7",39,"103.5","88.5","98.1","93.6","83.9","399","146",,"16",39,"1",2.4,1.8
"Call, Alex","669743","41","10.8",34.1,"107.9","88.3","96.9","90.8","86.4","380","161",,"12",29.3,"1",2.4,1.8
"Raley, Luke","670042","41","7.6",31.7,"114.3","90.1","103.9","91.3","89.4","398","143","378","19",46.3,"6",14.6,8.7
"McCutchen, Andrew","457705","41","7.6",22,"106.3","91.4","100.2","97.2","89","393","142","393","20",48.8,"3",7.3,5
"Torrens, Luis","620443","41","5.7",36.6,"107.6","91.9","101.7","93.5","90.6","398","157","398","24",58.5,"7",17.1,12.5
"Torres, Gleyber","650402","41","12.4",34.1,"108","89.2","98.1","93.8","83.2","380","171","379","15",36.6,"2",4.9,4.1
"Bader, Harrison","664056","40","22.6",30,"106.6","85.5","97.8","94.5","80.8","394","168","376","16",40,"5",12.5,8.2
"Thomas, Alek","677950","40","5.9",35,"109.4","91.9","100.8","96.9","87","417","147",,"15",37.5,"5",12.5,8.3
"Pauley, Graham","688363","40","13.6",35,"111.1","88.2","99.5","92.6","84","402","168",,"16",40,"3",7.5,5.3
"Moniak, Mickey","666160","40","14.9",37.5,"108.1","89.9","101.7","93.5","87","429","171","401","19",47.5,"5",12.5,8.6
"Shaw, Matt","807713","40","13.2",30,"106.5","82.7","93.8","87.2","84.1","379","130","379","9",22.5,"1",2.5,1.5
"Urías, Ramón","602104","40","9.8",30,"107.1","87.3","98.1","95.7","83.8","397","143",,"15",37.5,"4",10,7.4
"Moreno, Gabriel","672515","40","14.4",35,"104.3","91.1","97.9","92.6","91.1","361","154",,"17",42.5,"0",0,0
"Narváez, Carlos","665966","40","18.8",22.5,"110.8","91.7","101.8","91.4","95.7","396","163","353","14",35,"5",12.5,8.3
"Pederson, Joc","592626","40","12.6",12.5,"109.3","91.1","98.8","93.8","91.1","391","124",,"14",35,"2",5,3.2
"Smith, Cam","701358","40","6.4",35,"110.6","86.5","99.9","91","82.1","403","154","378","16",40,"3",7.5,4.6
"Hicks, Liam","689414","39","11.2",33.3,"105.4","85.1","95.5","87.6","80.2","374","174","374","11",28.2,"0",0,0
"Naylor, Bo","666310","39","22.6",35.9,"105.5","90.6","98","93.6","84","425","203","413","13",33.3,"4",10.3,6.9
"Benintendi, Andrew","643217","39","16.9",25.6,"106.6","86.5","98.8","95.1","77.9","401","177","385","14",35.9,"5",12.8,9.4
"Wade Jr., LaMonte","664774","39","24.8",41,"107.6","90.7","98.1","91.7","88.5","388","231","364","12",30.8,"2",5.1,2.9
"Grisham, Trent","663757","39","21.8",41,"108.3","92.6","101.3","94.8","92.2","405","206","373","20",51.3,"7",17.9,12.5
"Young, Jacob","696285","39","-6.9",17.9,"106.8","86","96.4","87.5","85.9","338","81",,"11",28.2,"0",0,0
"Pagés, Pedro","686780","39","15.9",35.9,"107.5","87.8","98.2","90.8","83.9","399","172","399","11",28.2,"2",5.1,3.5
"Mitchell, Garrett","669003","38","13.5",31.6,"110.8","90.6","102.4","97.6","86.1","407","159",,"17",44.7,"3",7.9,4.7
"Toglia, Michael","669911","38","10.7",31.6,"109.6","91.6","102.1","93.2","90.1","418","160","418","20",52.6,"3",7.9,3.9
"O'Hoppe, Logan","681351","38","21.1",39.5,"111.1","90.1","102.8","94.6","85","417","219","400","19",50,"7",18.4,10.8
"Jeffers, Ryan","680777","38","21.5",31.6,"110.4","88.6","99.3","93.6","78.2","398","213",,"15",39.5,"2",5.3,3.4
"Acuña, Luisangel","682668","38","5.7",36.8,"110","88.7","99.4","89.2","89.9","334","127",,"14",36.8,"0",0,0
"Cabrera, Oswaldo","665828","38","14.2",47.4,"107.5","89.2","97.8","90.1","88.5","382","177","382","14",36.8,"0",0,0
"Martini, Nick","605361","38","11.5",28.9,"105","86.6","98.2","87.5","86.7","370","134",,"13",34.2,"1",2.6,2
"Wallner, Matt","670242","38","17.9",28.9,"112","89.6","101.3","95.3","79.2","404","203","404","18",47.4,"4",10.5,6
"Wagner, Will","695238","38","10.7",28.9,"104.9","88.6","98.3","89.8","88.7","380","128",,"15",39.5,"1",2.6,1.8
"Henderson, Gunnar","683002","37","9",35.1,"113.3","97.6","106.9","100.1","97.1","395","157","394","24",64.9,"4",10.8,6.7
"Valdez, Enmanuel","665839","37","11.7",54.1,"108.2","91.8","101.9","96.2","84.6","405","202","405","19",51.4,"4",10.8,7.1
"Bailey, Patrick","672275","37","20.8",32.4,"105.9","89.8","98.4","92","88.4","400","210",,"14",37.8,"1",2.7,1.5
"Renfroe, Hunter","592669","36","19.4",19.4,"109.9","87.3","97.7","92.5","86.3","391","160",,"10",27.8,"1",2.8,1.8
"Jung, Josh","673962","36","8.4",44.4,"107.5","90.2","101.1","98.2","87.1","397","165","343","17",47.2,"6",16.7,12
"Heim, Jonah","641680","36","19.1",36.1,"109.6","93.7","101.3","93.2","96","417","188","392","15",41.7,"4",11.1,7.8
"McCarthy, Jake","664983","36","7.9",25,"103.8","84.2","93.4","90.2","80.6","369","146",,"6",16.7,"0",0,0
"Langford, Wyatt","694671","36","19.5",33.3,"110.7","89.7","100.8","95.3","82.8","407","185","370","16",44.4,"4",11.1,7.7
"Sanoja, Javier","691594","35","14.5",37.1,"104.5","87.9","97.5","91.5","87.1","367","159","367","11",31.4,"1",2.9,2.1
"Kjerstad, Heston","677008","35","17.6",51.4,"106.7","92.7","101.7","95.9","89.8","409","191","405","18",51.4,"6",17.1,12
"Smith, Pavin","656976","35","10.3",48.6,"109.3","92.3","101","94.7","91","429","169","405","18",51.4,"8",22.9,12.1
"Hernández, Enrique","571771","34","16.4",26.5,"109.8","91.9","102.2","98.1","84","412","184","384","15",44.1,"6",17.6,10.9
"Taylor, Michael A.","572191","34","19.7",41.2,"110.4","91.4","101.8","96.9","87.1","411","180","411","16",47.1,"2",5.9,4
"Allen, Nick","669397","34","19.4",35.3,"104.4","85.6","97","89.6","84.5","382","139",,"11",33.3,"0",0,0
"Baty, Brett","683146","34","5.8",29.4,"113.4","89.8","102.6","93","90.5","370","117",,"15",44.1,"2",5.9,3.6
"Jones, Nolan","666134","34","12.8",41.2,"109.1","95.6","103.9","96","96.6","397","160",,"21",61.8,"3",8.8,4.8
"McLain, Matt","680574","34","21.7",35.3,"107.9","91.4","101.3","96.5","81.8","414","211","399","18",52.9,"6",17.6,9.5
"Kelenic, Jarred","672284","33","15.5",18.2,"108.4","89","100.5","92.6","87.5","418","149","380","12",36.4,"4",12.1,6.8
"Bart, Joey","663698","33","15.3",45.5,"110.5","87.6","98.4","92.8","79.8","411","189","411","10",30.3,"5",15.2,8.3
"Rodríguez, Endy","682848","33","12.2",39.4,"104.9","91.4","99.1","95.5","87.4","378","177",,"15",45.5,"1",3,2
"Morel, Christopher","666624","33","18.4",36.4,"113","87.6","99.7","89.9","85.9","400","181","387","11",33.3,"6",18.2,8.8
"Amaya, Jacob","676070","33","15.9",24.2,"101.5","87.8","95.4","92.7","88.4","334","156",,"8",24.2,"0",0,0
"Paris, Kyren","677347","33","11.6",30.3,"108.1","87.6","102.5","96.2","79","434","180","394","19",57.6,"7",21.2,11.5
"Jansen, Danny","643376","33","21.7",24.2,"103.6","87.5","97","91.6","82.9","366","185","358","11",33.3,"0",0,0
"Smith, Josh","669701","32","7.9",37.5,"106.7","88.1","98.9","92.2","83.6","394","156","394","14",43.8,"2",6.3,3.8
"Anderson, Tim","641313","31","-1.4",22.6,"101.2","86.3","95.4","91.6","83","349","115",,"10",32.3,"0",0,0
"Winker, Jesse","608385","31","23.8",32.3,"109.3","90.5","100.9","99.2","90.4","405","155","405","14",45.2,"4",12.9,8.2
"Thomas, Lane","657041","31","18.4",25.8,"110.6","87.4","97.8","88.3","86.9","377","151",,"10",32.3,"0",0,0
"DeJong, Paul","657557","30","23.4",36.7,"108.7","89.2","99","90.5","87.2","363","171",,"11",36.7,"1",3.3,1.8
"Mervis, Matt","670223","30","21.4",30,"107.8","92.4","103.8","95.5","91.7","421","184","389","15",50,"5",16.7,8.2
"De La Cruz, Bryan","650559","29","15.6",44.8,"106.5","91.5","101.4","94.7","87.9","368","179",,"15",51.7,"2",6.9,4
"Winn, Masyn","691026","29","13.9",27.6,"107.9","87.3","100.4","92.2","87.1","403","143","403","11",37.9,"2",6.9,3.9
"Thaiss, Matt","642136","29","18.6",27.6,"109.9","86.4","100.1","95.4","76.4","401","161","382","12",41.4,"0",0,0
"Maton, Nick","665155","29","29.9",17.2,"109.3","88.9","98.5","92","86.1","406","207","403","11",37.9,"2",6.9,3.8
"Tellez, Rowdy","642133","29","18.4",44.8,"113.1","94.3","103.5","97.5","92.7","430","197","390","16",55.2,"6",20.7,12.2
"Marsh, Brandon","669016","28","7.5",21.4,"105","90.3","99.2","95.3","84.8","395","156","395","13",46.4,"2",7.1,3.9
"Malloy, Justyn-Henry","669234","28","19.2",28.6,"103.9","86.5","96.3","89.1","81.5","375","184",,"9",32.1,"1",3.6,1.8
"Rodgers, Brendan","663898","27","14.5",40.7,"112.2","90.6","102.8","90.9","95","363","184",,"14",51.9,"4",14.8,8.2
"Melendez, MJ","669004","27","23.6",29.6,"108.5","90.1","99.3","95.7","83.9","429","187","429","12",44.4,"3",11.1,5.8
"Hill, Derek","656537","27","-1.3",33.3,"112.3","88.6","101.5","94.4","86","398","110","398","11",40.7,"2",7.4,4.2
"Bride, Jonah","681146","26","9.3",30.8,"104.4","85.3","96.3","93.3","81.9","360","134",,"8",30.8,"1",3.8,2.1
"Caballero, José","676609","23","17.9",60.9,"104.5","84.1","93.7","86.6","65.7","344","213","327","4",17.4,"1",4.3,2.1